{
  "index.html": 1727802691916,
  "Component.js": 1727802691916,
  "controller/X1.controller.js": 1727802691928,
  "controller/App.controller.js": 1727802691924,
  "manifest.json": 1727804996935,
  "model/models.js": 1727802691920,
  "model/models-dbg.js": 1727802691920,
  "model/models.js.map": 1727804997043,
  "controller/X1-dbg.controller.js": 1727802691928,
  "controller/X1.controller.js.map": 1727804997042,
  "controller/App-dbg.controller.js": 1727802691924,
  "controller/App.controller.js.map": 1727804997042,
  "Component-dbg.js": 1727802691916,
  "Component.js.map": 1727804997043,
  "Component-preload.js": 1727804997104,
  "Component-preload.js.map": 1727804997104,
  "view/X1.view.xml": 1727803629549,
  "view/App.view.xml": 1727802691924,
  "css/style.css": 1727802691924,
  "i18n/i18n.properties": 1727803402460
}